{
  "generated_at": "2026-07-09T06:54:06.545493+09:00",
  "usdkrw": 1507.3,
  "fx_source": "Hyperliquid xyz:KRW",
  "tickers": [
    {
      "sym": "SMSN",
      "code": "005930.KS",
      "name": "삼성전자",
      "mark": 194.2,
      "oracle": 193.93,
      "funding": 8.02132e-05,
      "prev_close": 277500.0,
      "krw": 292717.66,
      "chg": 5.483841441441428
    },
    {
      "sym": "SKHX",
      "code": "000660.KS",
      "name": "SK하이닉스",
      "mark": 1463.8,
      "oracle": 1461.0,
      "funding": 0.0002229612,
      "prev_close": 2076000.0,
      "krw": 2206385.7399999998,
      "chg": 6.280623314065492
    }
  ],
  "extra": {
    "KR200": 1205.4,
    "HYUNDAI": 305.31,
    "DRAM": 62.142
  }
}