{
  "generated_at": "2026-06-16T07:52:37.971157+09:00",
  "usdkrw": 1519.0,
  "fx_source": "Hyperliquid xyz:KRW",
  "tickers": [
    {
      "sym": "SMSN",
      "code": "005930.KS",
      "name": "삼성전자",
      "mark": 228.73,
      "oracle": 229.08,
      "funding": -6.90584e-05,
      "prev_close": 337000.0,
      "krw": 347440.87,
      "chg": 3.098181008902068
    },
    {
      "sym": "SKHX",
      "code": "000660.KS",
      "name": "SK하이닉스",
      "mark": 1569.6,
      "oracle": 1578.6,
      "funding": -0.0001630028,
      "prev_close": 2288000.0,
      "krw": 2384222.4,
      "chg": 4.205524475524469
    }
  ],
  "extra": {
    "KR200": 1399.3,
    "HYUNDAI": 435.8,
    "DRAM": 70.721
  }
}