{
  "generated_at": "2026-07-17T06:51:00.759893+09:00",
  "usdkrw": 1479.0,
  "fx_source": "Hyperliquid xyz:KRW",
  "tickers": [
    {
      "sym": "SMSN",
      "code": "005930.KS",
      "name": "삼성전자",
      "mark": 165.54,
      "oracle": 165.5,
      "funding": 4.32712e-05,
      "prev_close": 255000.0,
      "krw": 244833.65999999997,
      "chg": -3.9868000000000126
    },
    {
      "sym": "SKHX",
      "code": "000660.KS",
      "name": "SK하이닉스",
      "mark": 1204.4,
      "oracle": 1201.4,
      "funding": 0.000274686,
      "prev_close": 1842000.0,
      "krw": 1781307.6,
      "chg": -3.29491856677524
    }
  ],
  "extra": {
    "KR200": 1054.8,
    "HYUNDAI": 280.45,
    "DRAM": 52.818
  }
}