{
  "generated_at": "2026-06-29T06:49:59.884392+09:00",
  "usdkrw": 1535.2,
  "fx_source": "Hyperliquid xyz:KRW",
  "tickers": [
    {
      "sym": "SMSN",
      "code": "005930.KS",
      "name": "삼성전자",
      "mark": 226.27,
      "oracle": 226.27,
      "funding": 6.25e-06,
      "prev_close": 339500.0,
      "krw": 347369.704,
      "chg": 2.3180276877761585
    },
    {
      "sym": "SKHX",
      "code": "000660.KS",
      "name": "SK하이닉스",
      "mark": 1797.2,
      "oracle": 1800.3,
      "funding": -8.1065e-06,
      "prev_close": 2673000.0,
      "krw": 2759061.44,
      "chg": 3.2196573138795426
    }
  ],
  "extra": {
    "KR200": 1379.6,
    "HYUNDAI": 316.38,
    "DRAM": 74.068
  }
}