{
  "generated_at": "2026-07-24T06:51:22.019796+09:00",
  "usdkrw": 1474.5,
  "fx_source": "Hyperliquid xyz:KRW",
  "tickers": [
    {
      "sym": "SMSN",
      "code": "005930.KS",
      "name": "삼성전자",
      "mark": 181.79,
      "oracle": 182.1,
      "funding": -7.33195e-05,
      "prev_close": 270000.0,
      "krw": 268049.355,
      "chg": -0.7224611111111168
    },
    {
      "sym": "SKHX",
      "code": "000660.KS",
      "name": "SK하이닉스",
      "mark": 1281.0,
      "oracle": 1283.0,
      "funding": -7.13524e-05,
      "prev_close": 1919000.0,
      "krw": 1888834.5,
      "chg": -1.571938509640436
    }
  ],
  "extra": {
    "KR200": 1114.0,
    "HYUNDAI": 291.09,
    "DRAM": 58.387
  }
}