{
  "generated_at": "2026-07-01T07:05:10.311599+09:00",
  "usdkrw": 1546.7,
  "fx_source": "Hyperliquid xyz:KRW",
  "tickers": [
    {
      "sym": "SMSN",
      "code": "005930.KS",
      "name": "삼성전자",
      "mark": 218.78,
      "oracle": 218.54,
      "funding": 8.07758e-05,
      "prev_close": 334000.0,
      "krw": 338387.026,
      "chg": 1.3134808383233665
    },
    {
      "sym": "SKHX",
      "code": "000660.KS",
      "name": "SK하이닉스",
      "mark": 1748.6,
      "oracle": 1748.4,
      "funding": 6.25e-06,
      "prev_close": 2650000.0,
      "krw": 2704559.62,
      "chg": 2.0588535849056733
    }
  ],
  "extra": {
    "KR200": 1395.8,
    "HYUNDAI": 320.65,
    "DRAM": 73.75
  }
}