{
  "generated_at": "2026-06-02T08:13:39.748346+09:00",
  "usdkrw": 1511.7,
  "fx_source": "Hyperliquid xyz:KRW",
  "tickers": [
    {
      "sym": "SMSN",
      "code": "005930.KS",
      "name": "삼성전자",
      "mark": 246.5,
      "oracle": 246.74,
      "funding": -1.44451e-05,
      "prev_close": 349000.0,
      "krw": 372634.05,
      "chg": 6.771934097421206
    },
    {
      "sym": "SKHX",
      "code": "000660.KS",
      "name": "SK하이닉스",
      "mark": 1599.0,
      "oracle": 1578.3,
      "funding": 0.0010574252,
      "prev_close": 2363000.0,
      "krw": 2417208.3000000003,
      "chg": 2.2940457046128016
    }
  ],
  "extra": {
    "KR200": 1442.9,
    "HYUNDAI": 513.33,
    "DRAM": 68.275
  }
}