{
  "generated_at": "2026-07-10T07:09:39.439198+09:00",
  "usdkrw": 1506.4,
  "fx_source": "Hyperliquid xyz:KRW",
  "tickers": [
    {
      "sym": "SMSN",
      "code": "005930.KS",
      "name": "삼성전자",
      "mark": 195.09,
      "oracle": 194.11,
      "funding": 0.000199953,
      "prev_close": 278000.0,
      "krw": 293883.576,
      "chg": 5.713516546762598
    },
    {
      "sym": "SKHX",
      "code": "000660.KS",
      "name": "SK하이닉스",
      "mark": 1550.5,
      "oracle": 1545.7,
      "funding": 0.0001182973,
      "prev_close": 2186000.0,
      "krw": 2335673.2,
      "chg": 6.846898444647764
    }
  ],
  "extra": {
    "KR200": 1225.6,
    "HYUNDAI": 302.01,
    "DRAM": 65.162
  }
}