{
  "generated_at": "2026-06-22T07:05:46.990571+09:00",
  "usdkrw": 1529.9,
  "fx_source": "Hyperliquid xyz:KRW",
  "tickers": [
    {
      "sym": "SMSN",
      "code": "005930.KS",
      "name": "삼성전자",
      "mark": 239.29,
      "oracle": 239.3,
      "funding": 6.25e-06,
      "prev_close": 354000.0,
      "krw": 366089.771,
      "chg": 3.4151895480226013
    },
    {
      "sym": "SKHX",
      "code": "000660.KS",
      "name": "SK하이닉스",
      "mark": 1904.9,
      "oracle": 1904.9,
      "funding": -4.37096e-05,
      "prev_close": 2764000.0,
      "krw": 2914306.5100000002,
      "chg": 5.4380068740955245
    }
  ],
  "extra": {
    "KR200": 1475.7,
    "HYUNDAI": 398.72,
    "DRAM": 79.492
  }
}