{
  "generated_at": "2026-06-23T07:27:52.807903+09:00",
  "usdkrw": 1534.6,
  "fx_source": "Hyperliquid xyz:KRW",
  "tickers": [
    {
      "sym": "SMSN",
      "code": "005930.KS",
      "name": "삼성전자",
      "mark": 237.08,
      "oracle": 237.08,
      "funding": 7.17886e-05,
      "prev_close": 353500.0,
      "krw": 363822.968,
      "chg": 2.9202172560113038
    },
    {
      "sym": "SKHX",
      "code": "000660.KS",
      "name": "SK하이닉스",
      "mark": 1952.3,
      "oracle": 1956.0,
      "funding": -4.89306e-05,
      "prev_close": 2919000.0,
      "krw": 2995999.5799999996,
      "chg": 2.637875299760184
    }
  ],
  "extra": {
    "KR200": 1510.1,
    "HYUNDAI": 383.21,
    "DRAM": 81.694
  }
}