{
  "generated_at": "2026-06-18T07:27:45.107923+09:00",
  "usdkrw": 1524.7,
  "fx_source": "Hyperliquid xyz:KRW",
  "tickers": [
    {
      "sym": "SMSN",
      "code": "005930.KS",
      "name": "삼성전자",
      "mark": 224.99,
      "oracle": 223.42,
      "funding": 0.0002003,
      "prev_close": 346500.0,
      "krw": 343042.253,
      "chg": -0.9979067821067722
    },
    {
      "sym": "SKHX",
      "code": "000660.KS",
      "name": "SK하이닉스",
      "mark": 1682.2,
      "oracle": 1675.5,
      "funding": -1.65963e-05,
      "prev_close": 2521000.0,
      "krw": 2564850.3400000003,
      "chg": 1.739402618008734
    }
  ],
  "extra": {
    "KR200": 1398.4,
    "HYUNDAI": 407.09,
    "DRAM": 71.477
  }
}