{
  "generated_at": "2026-06-26T07:12:55.617656+09:00",
  "usdkrw": 1544.4,
  "fx_source": "Hyperliquid xyz:KRW",
  "tickers": [
    {
      "sym": "SMSN",
      "code": "005930.KS",
      "name": "삼성전자",
      "mark": 224.15,
      "oracle": 225.13,
      "funding": -0.0002510966,
      "prev_close": 358500.0,
      "krw": 346177.26,
      "chg": -3.4373054393305402
    },
    {
      "sym": "SKHX",
      "code": "000660.KS",
      "name": "SK하이닉스",
      "mark": 1872.8,
      "oracle": 1882.5,
      "funding": -0.0002005751,
      "prev_close": 2917000.0,
      "krw": 2892352.3200000003,
      "chg": -0.8449667466575161
    }
  ],
  "extra": {
    "KR200": 1429.4,
    "HYUNDAI": 320.29,
    "DRAM": 75.885
  }
}