{
  "generated_at": "2026-07-23T06:54:06.954120+09:00",
  "usdkrw": 1476.9,
  "fx_source": "Hyperliquid xyz:KRW",
  "tickers": [
    {
      "sym": "SMSN",
      "code": "005930.KS",
      "name": "삼성전자",
      "mark": 182.93,
      "oracle": 182.93,
      "funding": 0.0004871273,
      "prev_close": 260500.0,
      "krw": 270169.31700000004,
      "chg": 3.711829942418432
    },
    {
      "sym": "SKHX",
      "code": "000660.KS",
      "name": "SK하이닉스",
      "mark": 1298.6,
      "oracle": 1299.5,
      "funding": 0.0005066417,
      "prev_close": 1830000.0,
      "krw": 1917902.34,
      "chg": 4.803406557377055
    }
  ],
  "extra": {
    "KR200": 1116.4,
    "HYUNDAI": 282.0,
    "DRAM": 58.955
  }
}