{
  "generated_at": "2026-07-08T07:01:54.517968+09:00",
  "usdkrw": 1513.6,
  "fx_source": "Hyperliquid xyz:KRW",
  "tickers": [
    {
      "sym": "SMSN",
      "code": "005930.KS",
      "name": "삼성전자",
      "mark": 193.28,
      "oracle": 194.1,
      "funding": -0.0003715009,
      "prev_close": 296000.0,
      "krw": 292548.608,
      "chg": -1.1660108108108136
    },
    {
      "sym": "SKHX",
      "code": "000660.KS",
      "name": "SK하이닉스",
      "mark": 1416.1,
      "oracle": 1423.3,
      "funding": -0.0003983012,
      "prev_close": 2201000.0,
      "krw": 2143408.96,
      "chg": -2.6165851885506575
    }
  ],
  "extra": {
    "KR200": 1210.4,
    "HYUNDAI": 312.54,
    "DRAM": 60.034
  }
}