{
  "generated_at": "2026-06-19T07:48:10.171092+09:00",
  "usdkrw": 1535.4,
  "fx_source": "Hyperliquid xyz:KRW",
  "tickers": [
    {
      "sym": "SMSN",
      "code": "005930.KS",
      "name": "삼성전자",
      "mark": 245.88,
      "oracle": 246.51,
      "funding": 0.0001568923,
      "prev_close": 362500.0,
      "krw": 377524.152,
      "chg": 4.144593655172413
    },
    {
      "sym": "SKHX",
      "code": "000660.KS",
      "name": "SK하이닉스",
      "mark": 1846.5,
      "oracle": 1849.7,
      "funding": 0.0001159577,
      "prev_close": 2685000.0,
      "krw": 2835116.1,
      "chg": 5.590916201117313
    }
  ],
  "extra": {
    "KR200": 1497.9,
    "HYUNDAI": 398.11,
    "DRAM": 77.88
  }
}