{
  "generated_at": "2026-06-10T07:16:24.642499+09:00",
  "usdkrw": 1527.2,
  "fx_source": "Hyperliquid xyz:KRW",
  "tickers": [
    {
      "sym": "SMSN",
      "code": "005930.KS",
      "name": "삼성전자",
      "mark": 200.23,
      "oracle": 199.92,
      "funding": 6.25e-06,
      "prev_close": 322000.0,
      "krw": 305791.256,
      "chg": -5.033771428571432
    },
    {
      "sym": "SKHX",
      "code": "000660.KS",
      "name": "SK하이닉스",
      "mark": 1352.5,
      "oracle": 1354.3,
      "funding": -7.32027e-05,
      "prev_close": 2215000.0,
      "krw": 2065538.0,
      "chg": -6.747720090293452
    }
  ],
  "extra": {
    "KR200": 1235.4,
    "HYUNDAI": 411.89,
    "DRAM": 59.543
  }
}