{
  "generated_at": "2026-07-02T07:09:38.759446+09:00",
  "usdkrw": 1554.2,
  "fx_source": "Hyperliquid xyz:KRW",
  "tickers": [
    {
      "sym": "SMSN",
      "code": "005930.KS",
      "name": "삼성전자",
      "mark": 196.28,
      "oracle": 196.62,
      "funding": -4.54581e-05,
      "prev_close": 314500.0,
      "krw": 305058.376,
      "chg": -3.0021062003179666
    },
    {
      "sym": "SKHX",
      "code": "000660.KS",
      "name": "SK하이닉스",
      "mark": 1580.5,
      "oracle": 1582.1,
      "funding": -5.5439e-05,
      "prev_close": 2560000.0,
      "krw": 2456413.1,
      "chg": -4.046363281249999
    }
  ],
  "extra": {
    "KR200": 1296.6,
    "HYUNDAI": 314.2,
    "DRAM": 66.153
  }
}