{
  "generated_at": "2026-07-20T06:37:27.821129+09:00",
  "usdkrw": 1487.6,
  "fx_source": "Hyperliquid xyz:KRW",
  "tickers": [
    {
      "sym": "SMSN",
      "code": "005930.KS",
      "name": "삼성전자",
      "mark": 167.9,
      "oracle": 167.71,
      "funding": -7.1302e-06,
      "prev_close": 255000.0,
      "krw": 249768.03999999998,
      "chg": -2.0517490196078514
    },
    {
      "sym": "SKHX",
      "code": "000660.KS",
      "name": "SK하이닉스",
      "mark": 1187.4,
      "oracle": 1186.7,
      "funding": 6.25e-06,
      "prev_close": 1842000.0,
      "krw": 1766376.24,
      "chg": -4.1055244299674225
    }
  ],
  "extra": {
    "KR200": 1044.2,
    "HYUNDAI": 278.09,
    "DRAM": 52.945
  }
}