{
  "generated_at": "2026-06-15T07:00:14.328516+09:00",
  "usdkrw": 1518.6,
  "fx_source": "Hyperliquid xyz:KRW",
  "tickers": [
    {
      "sym": "SMSN",
      "code": "005930.KS",
      "name": "삼성전자",
      "mark": 228.21,
      "oracle": 223.9,
      "funding": 0.0011775751,
      "prev_close": 322500.0,
      "krw": 346559.706,
      "chg": 7.460373953488375
    },
    {
      "sym": "SKHX",
      "code": "000660.KS",
      "name": "SK하이닉스",
      "mark": 1561.3,
      "oracle": 1530.5,
      "funding": 0.0013336723,
      "prev_close": 2150000.0,
      "krw": 2370990.1799999997,
      "chg": 10.27861302325579
    }
  ],
  "extra": {
    "KR200": 1364.4,
    "HYUNDAI": 420.43,
    "DRAM": 68.801
  }
}