{
  "generated_at": "2026-06-05T07:15:06.959850+09:00",
  "usdkrw": 1532.6,
  "fx_source": "Hyperliquid xyz:KRW",
  "tickers": [
    {
      "sym": "SMSN",
      "code": "005930.KS",
      "name": "삼성전자",
      "mark": 227.58,
      "oracle": 227.99,
      "funding": -0.0001669974,
      "prev_close": 351500.0,
      "krw": 348789.108,
      "chg": -0.7712352773826425
    },
    {
      "sym": "SKHX",
      "code": "000660.KS",
      "name": "SK하이닉스",
      "mark": 1504.2,
      "oracle": 1507.0,
      "funding": -0.000140272,
      "prev_close": 2298000.0,
      "krw": 2305336.92,
      "chg": 0.319274151436022
    }
  ],
  "extra": {
    "KR200": 1385.7,
    "HYUNDAI": 448.49,
    "DRAM": 64.821
  }
}