{
  "generated_at": "2026-06-01T07:33:19.568999+09:00",
  "usdkrw": 1507.5,
  "fx_source": "Hyperliquid xyz:KRW",
  "tickers": [
    {
      "sym": "SMSN",
      "code": "005930.KS",
      "name": "삼성전자",
      "mark": 218.08,
      "oracle": 218.5,
      "funding": -3.01018e-05,
      "prev_close": 317000.0,
      "krw": 328755.60000000003,
      "chg": 3.7083911671924374
    },
    {
      "sym": "SKHX",
      "code": "000660.KS",
      "name": "SK하이닉스",
      "mark": 1603.0,
      "oracle": 1603.8,
      "funding": -3.75412e-05,
      "prev_close": 2333000.0,
      "krw": 2416522.5,
      "chg": 3.580047149592791
    }
  ],
  "extra": {
    "KR200": 1356.7,
    "HYUNDAI": 483.19,
    "DRAM": 65.827
  }
}