{
  "generated_at": "2026-06-04T07:55:55.059937+09:00",
  "usdkrw": 1531.5,
  "fx_source": "Hyperliquid xyz:KRW",
  "tickers": [
    {
      "sym": "SMSN",
      "code": "005930.KS",
      "name": "삼성전자",
      "mark": 239.05,
      "oracle": 239.05,
      "funding": -9.51837e-05,
      "prev_close": 360500.0,
      "krw": 366105.075,
      "chg": 1.5548058252427222
    },
    {
      "sym": "SKHX",
      "code": "000660.KS",
      "name": "SK하이닉스",
      "mark": 1556.4,
      "oracle": 1565.8,
      "funding": -0.000121482,
      "prev_close": 2360000.0,
      "krw": 2383626.6,
      "chg": 1.001127118644063
    }
  ],
  "extra": {
    "KR200": 1420.4,
    "HYUNDAI": 493.06,
    "DRAM": 67.44
  }
}