{
  "generated_at": "2026-06-08T06:55:15.505760+09:00",
  "usdkrw": 1559.6,
  "fx_source": "Hyperliquid xyz:KRW",
  "tickers": [
    {
      "sym": "SMSN",
      "code": "005930.KS",
      "name": "삼성전자",
      "mark": 194.07,
      "oracle": 195.03,
      "funding": -2.36353e-05,
      "prev_close": 329000.0,
      "krw": 302671.572,
      "chg": -8.002561702127664
    },
    {
      "sym": "SKHX",
      "code": "000660.KS",
      "name": "SK하이닉스",
      "mark": 1216.2,
      "oracle": 1224.2,
      "funding": -0.0006659146,
      "prev_close": 2070000.0,
      "krw": 1896785.52,
      "chg": -8.367849275362316
    }
  ],
  "extra": {
    "KR200": 1187.9,
    "HYUNDAI": 418.23,
    "DRAM": 57.302
  }
}