{
  "generated_at": "2026-06-09T07:17:31.552770+09:00",
  "usdkrw": 1527.0,
  "fx_source": "Hyperliquid xyz:KRW",
  "tickers": [
    {
      "sym": "SMSN",
      "code": "005930.KS",
      "name": "삼성전자",
      "mark": 207.09,
      "oracle": 207.96,
      "funding": -0.0001800528,
      "prev_close": 295500.0,
      "krw": 316226.43,
      "chg": 7.0140203045685245
    },
    {
      "sym": "SKHX",
      "code": "000660.KS",
      "name": "SK하이닉스",
      "mark": 1353.0,
      "oracle": 1353.0,
      "funding": 3.18851e-05,
      "prev_close": 1911000.0,
      "krw": 2066031.0,
      "chg": 8.112558869701726
    }
  ],
  "extra": {
    "KR200": 1271.4,
    "HYUNDAI": 434.97,
    "DRAM": 60.397
  }
}