{
  "generated_at": "2026-06-24T07:05:43.020473+09:00",
  "usdkrw": 1530.6,
  "fx_source": "Hyperliquid xyz:KRW",
  "tickers": [
    {
      "sym": "SMSN",
      "code": "005930.KS",
      "name": "삼성전자",
      "mark": 207.12,
      "oracle": 207.12,
      "funding": 6.25e-06,
      "prev_close": 310000.0,
      "krw": 317017.872,
      "chg": 2.263829677419338
    },
    {
      "sym": "SKHX",
      "code": "000660.KS",
      "name": "SK하이닉스",
      "mark": 1707.0,
      "oracle": 1709.2,
      "funding": -4.13306e-05,
      "prev_close": 2555000.0,
      "krw": 2612734.1999999997,
      "chg": 2.259655577299391
    }
  ],
  "extra": {
    "KR200": 1347.5,
    "HYUNDAI": 338.3,
    "DRAM": 71.207
  }
}