{
  "generated_at": "2026-06-12T07:43:41.769100+09:00",
  "usdkrw": 1516.3,
  "fx_source": "Hyperliquid xyz:KRW",
  "tickers": [
    {
      "sym": "SMSN",
      "code": "005930.KS",
      "name": "삼성전자",
      "mark": 215.4,
      "oracle": 214.73,
      "funding": 0.0001003966,
      "prev_close": 299000.0,
      "krw": 326611.02,
      "chg": 9.234454849498341
    },
    {
      "sym": "SKHX",
      "code": "000660.KS",
      "name": "SK하이닉스",
      "mark": 1535.1,
      "oracle": 1532.0,
      "funding": 0.0001236113,
      "prev_close": 2101000.0,
      "krw": 2327672.13,
      "chg": 10.788773441218469
    }
  ],
  "extra": {
    "KR200": 1346.0,
    "HYUNDAI": 421.89,
    "DRAM": 66.259
  }
}