{
  "generated_at": "2026-07-06T06:45:18.304793+09:00",
  "usdkrw": 1529.1,
  "fx_source": "Hyperliquid xyz:KRW",
  "tickers": [
    {
      "sym": "SMSN",
      "code": "005930.KS",
      "name": "삼성전자",
      "mark": 208.11,
      "oracle": 208.35,
      "funding": -0.0001236474,
      "prev_close": 309500.0,
      "krw": 318221.001,
      "chg": 2.817770920840057
    },
    {
      "sym": "SKHX",
      "code": "000660.KS",
      "name": "SK하이닉스",
      "mark": 1603.6,
      "oracle": 1603.4,
      "funding": -5.72399e-05,
      "prev_close": 2425000.0,
      "krw": 2452064.76,
      "chg": 1.1160725773195823
    }
  ],
  "extra": {
    "KR200": 1308.4,
    "HYUNDAI": 320.13,
    "DRAM": 65.581
  }
}