{
  "generated_at": "2026-07-07T07:04:02.267168+09:00",
  "usdkrw": 1530.4,
  "fx_source": "Hyperliquid xyz:KRW",
  "tickers": [
    {
      "sym": "SMSN",
      "code": "005930.KS",
      "name": "삼성전자",
      "mark": 213.49,
      "oracle": 213.4,
      "funding": 8.4523e-06,
      "prev_close": 318000.0,
      "krw": 326725.096,
      "chg": 2.743740880503154
    },
    {
      "sym": "SKHX",
      "code": "000660.KS",
      "name": "SK하이닉스",
      "mark": 1556.9,
      "oracle": 1556.4,
      "funding": 7.5162e-06,
      "prev_close": 2343000.0,
      "krw": 2382679.7600000002,
      "chg": 1.693545027742216
    }
  ],
  "extra": {
    "KR200": 1300.3,
    "HYUNDAI": 326.18,
    "DRAM": 65.123
  }
}