{
  "generated_at": "2026-07-15T06:42:30.021623+09:00",
  "usdkrw": 1488.8,
  "fx_source": "Hyperliquid xyz:KRW",
  "tickers": [
    {
      "sym": "SMSN",
      "code": "005930.KS",
      "name": "삼성전자",
      "mark": 188.28,
      "oracle": 187.7,
      "funding": 7.31032e-05,
      "prev_close": 263000.0,
      "krw": 280311.26399999997,
      "chg": 6.582229657794669
    },
    {
      "sym": "SKHX",
      "code": "000660.KS",
      "name": "SK하이닉스",
      "mark": 1379.5,
      "oracle": 1370.7,
      "funding": 6.25e-06,
      "prev_close": 1913000.0,
      "krw": 2053799.5999999999,
      "chg": 7.360146366962872
    }
  ],
  "extra": {
    "KR200": 1148.9,
    "HYUNDAI": 293.26,
    "DRAM": 61.2
  }
}