{
  "generated_at": "2026-06-11T07:44:16.521240+09:00",
  "usdkrw": 1520.3,
  "fx_source": "Hyperliquid xyz:KRW",
  "tickers": [
    {
      "sym": "SMSN",
      "code": "005930.KS",
      "name": "삼성전자",
      "mark": 191.38,
      "oracle": 191.62,
      "funding": -0.0003503465,
      "prev_close": 302500.0,
      "krw": 290955.01399999997,
      "chg": -3.8165242975206737
    },
    {
      "sym": "SKHX",
      "code": "000660.KS",
      "name": "SK하이닉스",
      "mark": 1319.5,
      "oracle": 1315.7,
      "funding": -0.0001883766,
      "prev_close": 2048000.0,
      "krw": 2006035.8499999999,
      "chg": -2.049030761718762
    }
  ],
  "extra": {
    "KR200": 1175.6,
    "HYUNDAI": 373.39,
    "DRAM": 56.443
  }
}