{
  "generated_at": "2026-06-25T07:03:50.703409+09:00",
  "usdkrw": 1537.1,
  "fx_source": "Hyperliquid xyz:KRW",
  "tickers": [
    {
      "sym": "SMSN",
      "code": "005930.KS",
      "name": "삼성전자",
      "mark": 236.51,
      "oracle": 234.7,
      "funding": 0.0004576616,
      "prev_close": 340500.0,
      "krw": 363539.52099999995,
      "chg": 6.766379148311286
    },
    {
      "sym": "SKHX",
      "code": "000660.KS",
      "name": "SK하이닉스",
      "mark": 1873.5,
      "oracle": 1843.8,
      "funding": 0.0010319602,
      "prev_close": 2580000.0,
      "krw": 2879756.8499999996,
      "chg": 11.618482558139531
    }
  ],
  "extra": {
    "KR200": 1479.0,
    "HYUNDAI": 334.43,
    "DRAM": 79.618
  }
}