{
  "generated_at": "2026-06-03T07:04:43.167269+09:00",
  "usdkrw": 1515.6,
  "fx_source": "Hyperliquid xyz:KRW",
  "tickers": [
    {
      "sym": "SMSN",
      "code": "005930.KS",
      "name": "삼성전자",
      "mark": 251.76,
      "oracle": 250.8,
      "funding": 0.0001922163,
      "prev_close": 360500.0,
      "krw": 381567.45599999995,
      "chg": 5.843954507628268
    },
    {
      "sym": "SKHX",
      "code": "000660.KS",
      "name": "SK하이닉스",
      "mark": 1605.3,
      "oracle": 1605.3,
      "funding": 1.90715e-05,
      "prev_close": 2360000.0,
      "krw": 2432992.6799999997,
      "chg": 3.092910169491514
    }
  ],
  "extra": {
    "KR200": 1431.1,
    "HYUNDAI": 487.78,
    "DRAM": 69.775
  }
}