{
  "generated_at": "2026-07-22T06:49:33.456442+09:00",
  "usdkrw": 1480.1,
  "fx_source": "Hyperliquid xyz:KRW",
  "tickers": [
    {
      "sym": "SMSN",
      "code": "005930.KS",
      "name": "삼성전자",
      "mark": 185.86,
      "oracle": 185.56,
      "funding": 0.0002191146,
      "prev_close": 259000.0,
      "krw": 275091.386,
      "chg": 6.212890347490352
    },
    {
      "sym": "SKHX",
      "code": "000660.KS",
      "name": "SK하이닉스",
      "mark": 1340.7,
      "oracle": 1340.7,
      "funding": 0.0003652344,
      "prev_close": 1836000.0,
      "krw": 1984370.0699999998,
      "chg": 8.08115849673201
    }
  ],
  "extra": {
    "KR200": 1126.2,
    "HYUNDAI": 276.77,
    "DRAM": 59.781
  }
}