{
  "generated_at": "2026-05-31T22:31:42.112410+09:00",
  "usdkrw": 1507.4,
  "fx_source": "Hyperliquid xyz:KRW",
  "tickers": [
    {
      "sym": "SMSN",
      "code": "005930.KS",
      "name": "삼성전자",
      "mark": 219.49,
      "oracle": 218.89,
      "funding": 0.0001278471,
      "prev_close": 317000.0,
      "krw": 330859.226,
      "chg": 4.371995583596222
    },
    {
      "sym": "SKHX",
      "code": "000660.KS",
      "name": "SK하이닉스",
      "mark": 1593.9,
      "oracle": 1589.4,
      "funding": 0.000233238,
      "prev_close": 2333000.0,
      "krw": 2402644.8600000003,
      "chg": 2.9852061723103507
    }
  ],
  "extra": {
    "KR200": 1359.9,
    "HYUNDAI": 478.98,
    "DRAM": 66.059
  }
}