{
  "generated_at": "2026-07-03T06:54:40.292330+09:00",
  "usdkrw": 1538.2,
  "fx_source": "Hyperliquid xyz:KRW",
  "tickers": [
    {
      "sym": "SMSN",
      "code": "005930.KS",
      "name": "삼성전자",
      "mark": 183.69,
      "oracle": 183.7,
      "funding": 5.77403e-05,
      "prev_close": 286000.0,
      "krw": 282551.958,
      "chg": -1.2056090909090988
    },
    {
      "sym": "SKHX",
      "code": "000660.KS",
      "name": "SK하이닉스",
      "mark": 1400.4,
      "oracle": 1403.4,
      "funding": -0.0001632406,
      "prev_close": 2187000.0,
      "krw": 2154095.2800000003,
      "chg": -1.5045596707818798
    }
  ],
  "extra": {
    "KR200": 1214.8,
    "HYUNDAI": 310.74,
    "DRAM": 60.951
  }
}