{
  "generated_at": "2026-07-21T06:53:16.203969+09:00",
  "usdkrw": 1475.6,
  "fx_source": "Hyperliquid xyz:KRW",
  "tickers": [
    {
      "sym": "SMSN",
      "code": "005930.KS",
      "name": "삼성전자",
      "mark": 168.35,
      "oracle": 168.5,
      "funding": 9.6554e-06,
      "prev_close": 244000.0,
      "krw": 248417.25999999998,
      "chg": 1.8103524590163955
    },
    {
      "sym": "SKHX",
      "code": "000660.KS",
      "name": "SK하이닉스",
      "mark": 1192.5,
      "oracle": 1191.2,
      "funding": -6.91607e-05,
      "prev_close": 1764000.0,
      "krw": 1759653.0,
      "chg": -0.24642857142856966
    }
  ],
  "extra": {
    "KR200": 1042.4,
    "HYUNDAI": 272.69,
    "DRAM": 53.149
  }
}