{
  "generated_at": "2026-06-30T07:01:02.553704+09:00",
  "usdkrw": 1542.0,
  "fx_source": "Hyperliquid xyz:KRW",
  "tickers": [
    {
      "sym": "SMSN",
      "code": "005930.KS",
      "name": "삼성전자",
      "mark": 212.61,
      "oracle": 212.27,
      "funding": 8.37405e-05,
      "prev_close": 323000.0,
      "krw": 327844.62,
      "chg": 1.4998823529411842
    },
    {
      "sym": "SKHX",
      "code": "000660.KS",
      "name": "SK하이닉스",
      "mark": 1709.3,
      "oracle": 1709.3,
      "funding": 1.75756e-05,
      "prev_close": 2628000.0,
      "krw": 2635740.6,
      "chg": 0.2945433789954377
    }
  ],
  "extra": {
    "KR200": 1357.5,
    "HYUNDAI": 329.06,
    "DRAM": 71.677
  }
}