{
  "generated_at": "2026-06-17T07:45:36.753036+09:00",
  "usdkrw": 1513.8,
  "fx_source": "Hyperliquid xyz:KRW",
  "tickers": [
    {
      "sym": "SMSN",
      "code": "005930.KS",
      "name": "삼성전자",
      "mark": 218.71,
      "oracle": 217.84,
      "funding": 0.000113181,
      "prev_close": 343000.0,
      "krw": 331083.198,
      "chg": -3.4742862973761057
    },
    {
      "sym": "SKHX",
      "code": "000660.KS",
      "name": "SK하이닉스",
      "mark": 1532.1,
      "oracle": 1528.6,
      "funding": -2.6041e-06,
      "prev_close": 2382000.0,
      "krw": 2319292.98,
      "chg": -2.632536523929474
    }
  ],
  "extra": {
    "KR200": 1366.2,
    "HYUNDAI": 410.38,
    "DRAM": 68.873
  }
}