{
  "generated_at": "2026-07-14T06:40:10.464177+09:00",
  "usdkrw": 1498.0,
  "fx_source": "Hyperliquid xyz:KRW",
  "tickers": [
    {
      "sym": "SMSN",
      "code": "005930.KS",
      "name": "삼성전자",
      "mark": 171.09,
      "oracle": 171.13,
      "funding": -5.00853e-05,
      "prev_close": 254500.0,
      "krw": 256292.82,
      "chg": 0.7044479371316248
    },
    {
      "sym": "SKHX",
      "code": "000660.KS",
      "name": "SK하이닉스",
      "mark": 1233.0,
      "oracle": 1229.8,
      "funding": 7.7973e-05,
      "prev_close": 1845000.0,
      "krw": 1847034.0,
      "chg": 0.11024390243903337
    }
  ],
  "extra": {
    "KR200": 1089.9,
    "HYUNDAI": 299.64,
    "DRAM": 56.946
  }
}