{
  "generated_at": "2026-07-16T06:43:44.178012+09:00",
  "usdkrw": 1486.7,
  "fx_source": "Hyperliquid xyz:KRW",
  "tickers": [
    {
      "sym": "SMSN",
      "code": "005930.KS",
      "name": "삼성전자",
      "mark": 175.83,
      "oracle": 176.1,
      "funding": -0.0001346445,
      "prev_close": 279500.0,
      "krw": 261406.46100000004,
      "chg": -6.4735381037566935
    },
    {
      "sym": "SKHX",
      "code": "000660.KS",
      "name": "SK하이닉스",
      "mark": 1324.3,
      "oracle": 1320.5,
      "funding": 1.33215e-05,
      "prev_close": 2082000.0,
      "krw": 1968836.81,
      "chg": -5.435311719500479
    }
  ],
  "extra": {
    "KR200": 1112.2,
    "HYUNDAI": 287.16,
    "DRAM": 57.085
  }
}