{
  "generated_at": "2026-07-13T06:35:29.751964+09:00",
  "usdkrw": 1499.1,
  "fx_source": "Hyperliquid xyz:KRW",
  "tickers": [
    {
      "sym": "SMSN",
      "code": "005930.KS",
      "name": "삼성전자",
      "mark": 191.26,
      "oracle": 191.54,
      "funding": -6.7922e-05,
      "prev_close": 285000.0,
      "krw": 286717.866,
      "chg": 0.6027599999999911
    },
    {
      "sym": "SKHX",
      "code": "000660.KS",
      "name": "SK하이닉스",
      "mark": 1489.9,
      "oracle": 1489.8,
      "funding": -2.03388e-05,
      "prev_close": 2180000.0,
      "krw": 2233509.09,
      "chg": 2.4545454128440225
    }
  ],
  "extra": {
    "KR200": 1192.3,
    "HYUNDAI": 303.79,
    "DRAM": 63.224
  }
}